{"cameraMode":{"drawMode":0,"name":"Shaded","section":"Shading Mode"},"sceneLighting":true,"audioPlay":false,"sceneViewState":{"showFog":true,"showMaterialUpdate":false,"showSkybox":true,"showFlares":true,"showImageEffects":true,"showParticleSystems":true},"in2DMode":false,"pivot":{"x":-7.576251029968262,"y":0.5774850845336914,"z":-0.23333196341991425},"rotation":{"x":-0.3080589175224304,"y":-0.5495638847351074,"z":0.22801199555397035,"w":-0.7424074411392212},"size":20.846622467041017,"orthographic":false}