{"cameraMode":{"drawMode":0,"name":"Shaded","section":"Shading Mode"},"sceneLighting":true,"audioPlay":false,"sceneViewState":{"showFog":false,"showMaterialUpdate":false,"showSkybox":false,"showFlares":false,"showImageEffects":false,"showParticleSystems":false},"in2DMode":false,"pivot":{"x":-24.0699405670166,"y":8.105158805847168,"z":-0.13755112886428834},"rotation":{"x":-0.025806404650211335,"y":0.0035954785998910667,"z":-0.00009294231131207198,"w":-0.9996617436408997},"size":13.192020416259766,"orthographic":false}