{"cameraMode":{"drawMode":0,"name":"Shaded","section":"Shading Mode"},"sceneLighting":true,"audioPlay":false,"sceneViewState":{"showFog":false,"showMaterialUpdate":false,"showSkybox":false,"showFlares":false,"showImageEffects":false,"showParticleSystems":false},"in2DMode":false,"pivot":{"x":-0.7102771997451782,"y":1.639721393585205,"z":2.4801058769226076},"rotation":{"x":-0.1712026298046112,"y":-0.09237751364707947,"z":0.016078708693385125,"w":-0.9807916879653931},"size":5.466137409210205,"orthographic":false}