{"cameraMode":{"drawMode":0,"name":"Shaded","section":"Shading Mode"},"sceneLighting":true,"audioPlay":false,"sceneViewState":{"showFog":true,"showMaterialUpdate":false,"showSkybox":true,"showFlares":true,"showImageEffects":true,"showParticleSystems":true},"in2DMode":false,"pivot":{"x":9.53130054473877,"y":-16.807470321655275,"z":-52.35947036743164},"rotation":{"x":0.0058247726410627369,"y":0.9873389601707459,"z":-0.15408292412757874,"w":0.03734060749411583},"size":42.2790641784668,"orthographic":false}