{"cameraMode":{"drawMode":0,"name":"Shaded","section":"Shading Mode"},"sceneLighting":true,"audioPlay":false,"sceneViewState":{"showFog":true,"showMaterialUpdate":false,"showSkybox":true,"showFlares":true,"showImageEffects":true,"showParticleSystems":true},"in2DMode":false,"pivot":{"x":-4.593436241149902,"y":-13.564496994018555,"z":-60.30527114868164},"rotation":{"x":-0.006342287175357342,"y":0.991242527961731,"z":-0.12134378403425217,"w":-0.051788587123155597},"size":42.2790641784668,"orthographic":false}