{"cameraMode":{"drawMode":0,"name":"Shaded","section":"Shading Mode"},"sceneLighting":true,"audioPlay":false,"sceneViewState":{"showFog":true,"showMaterialUpdate":false,"showSkybox":true,"showFlares":true,"showImageEffects":true,"showParticleSystems":true},"in2DMode":false,"pivot":{"x":-5.151829719543457,"y":-9.464584350585938,"z":-54.130191802978519},"rotation":{"x":-0.0057203802280128,"y":0.992627739906311,"z":-0.10944057255983353,"w":-0.05186072364449501},"size":42.2790641784668,"orthographic":false}