{"cameraMode":{"drawMode":0,"name":"Shaded","section":"Shading Mode"},"sceneLighting":true,"audioPlay":false,"sceneViewState":{"showFog":true,"showMaterialUpdate":false,"showSkybox":true,"showFlares":true,"showImageEffects":true,"showParticleSystems":true},"in2DMode":false,"pivot":{"x":11.390000343322754,"y":4.619999885559082,"z":8.149999618530274},"rotation":{"x":-0.07885820418596268,"y":0.3903953731060028,"z":-0.033574629575014117,"w":-0.9166972041130066},"size":10.0,"orthographic":false}