{"cameraMode":{"drawMode":0,"name":"Shaded","section":"Shading Mode"},"sceneLighting":true,"audioPlay":false,"sceneViewState":{"showFog":true,"showMaterialUpdate":false,"showSkybox":true,"showFlares":true,"showImageEffects":true,"showParticleSystems":true},"in2DMode":false,"pivot":{"x":3.834566116333008,"y":4.031848907470703,"z":-4.596088409423828},"rotation":{"x":0.021065043285489084,"y":-0.9275715351104736,"z":0.05293015018105507,"w":0.36927738785743716},"size":11.034578323364258,"orthographic":false}